||Sütunlar|||||||||||||||||||||||||||||||||||||||||||||||||||||||||||||||||||||||||||||||||
Satırlar||İkamet Edilen Ile Göre Nüfusa Kayıtlı Olunan Il|||||||||||||||||||||||||||||||||||||||||||||||||||||||||||||||||||||||||||||||||
||İkamet Edilen İl:Adana|İkamet Edilen İl:Adıyaman|İkamet Edilen İl:Afyonkarahisar|İkamet Edilen İl:Ağrı|İkamet Edilen İl:Aksaray|İkamet Edilen İl:Amasya|İkamet Edilen İl:Ankara|İkamet Edilen İl:Antalya|İkamet Edilen İl:Ardahan|İkamet Edilen İl:Artvin|İkamet Edilen İl:Aydın|İkamet Edilen İl:Balıkesir|İkamet Edilen İl:Bartın|İkamet Edilen İl:Batman|İkamet Edilen İl:Bayburt|İkamet Edilen İl:Bilecik|İkamet Edilen İl:Bingöl|İkamet Edilen İl:Bitlis|İkamet Edilen İl:Bolu|İkamet Edilen İl:Burdur|İkamet Edilen İl:Bursa|İkamet Edilen İl:Çanakkale|İkamet Edilen İl:Çankırı|İkamet Edilen İl:Çorum|İkamet Edilen İl:Denizli|İkamet Edilen İl:Diyarbakır|İkamet Edilen İl:Düzce|İkamet Edilen İl:Edirne|İkamet Edilen İl:Elazığ|İkamet Edilen İl:Erzincan|İkamet Edilen İl:Erzurum|İkamet Edilen İl:Eskişehir|İkamet Edilen İl:Gaziantep|İkamet Edilen İl:Giresun|İkamet Edilen İl:Gümüşhane|İkamet Edilen İl:Hakkari|İkamet Edilen İl:Hatay|İkamet Edilen İl:Iğdır|İkamet Edilen İl:Isparta|İkamet Edilen İl:İstanbul|İkamet Edilen İl:İzmir|İkamet Edilen İl:Kahramanmaraş|İkamet Edilen İl:Karabük|İkamet Edilen İl:Karaman|İkamet Edilen İl:Kars|İkamet Edilen İl:Kastamonu|İkamet Edilen İl:Kayseri|İkamet Edilen İl:Kilis|İkamet Edilen İl:Kırıkkale|İkamet Edilen İl:Kırklareli|İkamet Edilen İl:Kırşehir|İkamet Edilen İl:Kocaeli|İkamet Edilen İl:Konya|İkamet Edilen İl:Kütahya|İkamet Edilen İl:Malatya|İkamet Edilen İl:Manisa|İkamet Edilen İl:Mardin|İkamet Edilen İl:Mersin|İkamet Edilen İl:Muğla|İkamet Edilen İl:Muş|İkamet Edilen İl:Nevşehir|İkamet Edilen İl:Niğde|İkamet Edilen İl:Ordu|İkamet Edilen İl:Osmaniye|İkamet Edilen İl:Rize|İkamet Edilen İl:Sakarya|İkamet Edilen İl:Samsun|İkamet Edilen İl:Şanlıurfa|İkamet Edilen İl:Siirt|İkamet Edilen İl:Sinop|İkamet Edilen İl:Şırnak|İkamet Edilen İl:Sivas|İkamet Edilen İl:Tekirdağ|İkamet Edilen İl:Tokat|İkamet Edilen İl:Trabzon|İkamet Edilen İl:Tunceli|İkamet Edilen İl:Uşak|İkamet Edilen İl:Van|İkamet Edilen İl:Yalova|İkamet Edilen İl:Yozgat|İkamet Edilen İl:Zonguldak|
|||||||||||||||||||||||||||||||||||||||||||||||||||||||||||||||||||||||||||||||||||
|||||||||||||||||||||||||||||||||||||||||||||||||||||||||||||||||||||||||||||||||||
2024|Adana-1|1313102.0|1893.0|1605.0|918.0|2984.0|782.0|40133.0|38661.0|263.0|449.0|4838.0|4985.0|336.0|1391.0|290.0|959.0|736.0|885.0|1809.0|1185.0|11592.0|2939.0|642.0|714.0|3193.0|4114.0|873.0|1648.0|2204.0|894.0|1415.0|4145.0|12888.0|712.0|514.0|1051.0|21619.0|486.0|2136.0|100457.0|26359.0|7078.0|715.0|1653.0|608.0|898.0|24588.0|1117.0|804.0|1599.0|1120.0|9291.0|9895.0|1289.0|2578.0|3503.0|2351.0|60704.0|10877.0|598.0|3164.0|9217.0|808.0|20575.0|528.0|3195.0|2214.0|5132.0|1258.0|410.0|1972.0|1948.0|5353.0|1054.0|1159.0|808.0|1018.0|1715.0|1661.0|1230.0|1058.0|
|Adıyaman-2|53752.0|567807.0|815.0|657.0|925.0|611.0|20342.0|22871.0|176.0|332.0|6209.0|2388.0|442.0|1353.0|287.0|719.0|727.0|657.0|697.0|563.0|7873.0|1253.0|373.0|485.0|1224.0|4104.0|665.0|1036.0|2562.0|977.0|964.0|2414.0|74889.0|583.0|427.0|778.0|3521.0|447.0|977.0|218396.0|13242.0|8727.0|417.0|542.0|470.0|589.0|2405.0|1369.0|567.0|1298.0|651.0|5374.0|3992.0|664.0|55043.0|2012.0|1930.0|52068.0|4058.0|561.0|750.0|889.0|748.0|3424.0|403.0|1900.0|1734.0|18400.0|832.0|304.0|1282.0|1528.0|6697.0|1029.0|758.0|520.0|2364.0|1215.0|935.0|808.0|492.0|
|Afyonkarahisar-3|1488.0|209.0|645531.0|684.0|493.0|419.0|31621.0|41815.0|159.0|168.0|14535.0|4459.0|228.0|404.0|137.0|2672.0|307.0|464.0|644.0|4032.0|14299.0|2168.0|426.0|367.0|60333.0|1362.0|679.0|908.0|458.0|428.0|801.0|63625.0|1148.0|299.0|149.0|736.0|1101.0|339.0|17675.0|61372.0|93321.0|394.0|444.0|507.0|455.0|535.0|1293.0|136.0|551.0|966.0|329.0|17859.0|11153.0|11244.0|520.0|11096.0|741.0|1585.0|7883.0|373.0|373.0|340.0|402.0|285.0|239.0|3360.0|1050.0|1076.0|525.0|190.0|1130.0|501.0|3452.0|440.0|423.0|310.0|6239.0|1041.0|1032.0|419.0|706.0|
|Ağrı-4|8736.0|290.0|1980.0|450345.0|601.0|844.0|44919.0|13380.0|355.0|973.0|26298.0|11574.0|324.0|1091.0|839.0|3840.0|408.0|2068.0|2527.0|1534.0|46874.0|4563.0|659.0|490.0|13537.0|1867.0|6777.0|3548.0|593.0|2746.0|7455.0|16736.0|1637.0|856.0|442.0|561.0|2106.0|12534.0|868.0|234159.0|98227.0|544.0|1100.0|410.0|1381.0|802.0|27007.0|132.0|768.0|2036.0|1064.0|65648.0|12484.0|1092.0|924.0|20755.0|787.0|10054.0|11174.0|2020.0|661.0|452.0|765.0|510.0|1986.0|15081.0|1774.0|864.0|496.0|257.0|832.0|1327.0|16616.0|758.0|5813.0|216.0|5180.0|16747.0|5333.0|748.0|1129.0|
|Aksaray-68|3274.0|148.0|726.0|283.0|351486.0|237.0|56834.0|10873.0|38.0|101.0|2176.0|1633.0|206.0|269.0|102.0|263.0|164.0|196.0|505.0|407.0|7270.0|758.0|304.0|344.0|929.0|614.0|395.0|631.0|249.0|235.0|469.0|1686.0|764.0|210.0|120.0|311.0|1237.0|143.0|725.0|50155.0|16607.0|369.0|319.0|570.0|203.0|392.0|3363.0|102.0|575.0|1155.0|4734.0|5304.0|38478.0|590.0|276.0|1453.0|359.0|4015.0|2789.0|200.0|3924.0|3351.0|268.0|296.0|138.0|1143.0|770.0|597.0|242.0|118.0|475.0|603.0|5239.0|503.0|349.0|128.0|407.0|461.0|402.0|596.0|358.0|
|Amasya-5|1055.0|221.0|567.0|377.0|261.0|263538.0|52351.0|10283.0|91.0|206.0|2732.0|3442.0|373.0|206.0|103.0|501.0|165.0|230.0|837.0|309.0|11625.0|1574.0|374.0|9135.0|985.0|633.0|781.0|1105.0|309.0|541.0|755.0|2476.0|669.0|759.0|199.0|301.0|748.0|208.0|523.0|175062.0|25735.0|242.0|561.0|108.0|275.0|947.0|1738.0|91.0|844.0|1060.0|276.0|15671.0|2421.0|554.0|344.0|1854.0|414.0|1616.0|4201.0|170.0|294.0|238.0|1269.0|187.0|322.0|2593.0|17029.0|470.0|239.0|994.0|573.0|1142.0|9695.0|8828.0|933.0|195.0|271.0|639.0|1444.0|669.0|708.0|
|Ankara-6|3615.0|323.0|2289.0|662.0|4311.0|1258.0|1633189.0|40685.0|203.0|363.0|9607.0|8833.0|1562.0|544.0|230.0|1418.0|318.0|498.0|6214.0|865.0|21570.0|3621.0|3550.0|2218.0|2598.0|1821.0|2121.0|1670.0|808.0|908.0|1222.0|20867.0|4228.0|693.0|405.0|550.0|2324.0|444.0|2045.0|122927.0|43565.0|791.0|1889.0|529.0|504.0|1953.0|3823.0|594.0|9910.0|1225.0|2097.0|14971.0|13081.0|1721.0|786.0|3537.0|850.0|7103.0|14726.0|418.0|1449.0|985.0|994.0|480.0|566.0|4461.0|3799.0|1334.0|508.0|654.0|1086.0|1426.0|4486.0|1094.0|1538.0|439.0|671.0|1283.0|2338.0|1732.0|3840.0|
|Antalya-7|1016.0|128.0|1875.0|223.0|376.0|258.0|13456.0|1102472.0|64.0|120.0|3268.0|1190.0|126.0|211.0|79.0|267.0|117.0|157.0|393.0|6835.0|4676.0|925.0|161.0|223.0|2741.0|629.0|299.0|386.0|226.0|192.0|467.0|1860.0|781.0|227.0|106.0|188.0|511.0|143.0|6471.0|48717.0|15663.0|346.0|174.0|860.0|166.0|272.0|796.0|64.0|177.0|365.0|226.0|2213.0|6999.0|847.0|214.0|1769.0|332.0|2247.0|6349.0|141.0|350.0|233.0|264.0|221.0|242.0|974.0|599.0|584.0|155.0|136.0|398.0|308.0|946.0|248.0|405.0|112.0|582.0|451.0|360.0|224.0|522.0|
|Ardahan-75|627.0|74.0|342.0|253.0|213.0|279.0|41202.0|3517.0|77018.0|573.0|2018.0|2561.0|229.0|101.0|62.0|883.0|101.0|119.0|674.0|182.0|33402.0|1246.0|157.0|229.0|691.0|323.0|562.0|937.0|227.0|455.0|1576.0|1796.0|325.0|258.0|138.0|163.0|394.0|345.0|346.0|260318.0|27992.0|134.0|291.0|328.0|3945.0|268.0|1286.0|39.0|291.0|1143.0|491.0|50821.0|1329.0|481.0|204.0|3921.0|151.0|899.0|1795.0|122.0|252.0|122.0|343.0|95.0|644.0|2449.0|867.0|268.0|96.0|133.0|235.0|278.0|9218.0|315.0|460.0|93.0|254.0|351.0|2354.0|193.0|1963.0|
|Artvin-8|701.0|83.0|280.0|195.0|154.0|471.0|34005.0|6230.0|601.0|142288.0|2051.0|2485.0|256.0|107.0|216.0|736.0|58.0|92.0|533.0|195.0|69962.0|1228.0|165.0|247.0|759.0|199.0|1210.0|588.0|134.0|336.0|3957.0|3148.0|382.0|596.0|182.0|84.0|388.0|119.0|310.0|83698.0|12913.0|154.0|652.0|85.0|496.0|358.0|589.0|44.0|216.0|601.0|385.0|28848.0|1510.0|453.0|133.0|883.0|98.0|1128.0|2430.0|54.0|163.0|99.0|992.0|121.0|7452.0|7044.0|9008.0|175.0|99.0|384.0|117.0|171.0|2681.0|640.0|4239.0|44.0|218.0|354.0|3191.0|97.0|2079.0|
|Aydın-9|865.0|138.0|2012.0|305.0|257.0|319.0|13201.0|9571.0|95.0|161.0|689370.0|3641.0|181.0|318.0|68.0|367.0|185.0|258.0|275.0|1177.0|5241.0|1758.0|141.0|184.0|20940.0|671.0|318.0|835.0|243.0|282.0|450.0|2189.0|825.0|206.0|100.0|242.0|491.0|168.0|1843.0|31642.0|94030.0|208.0|256.0|204.0|166.0|218.0|698.0|70.0|184.0|667.0|147.0|3409.0|2267.0|1029.0|277.0|6506.0|306.0|1117.0|30823.0|220.0|236.0|155.0|268.0|130.0|193.0|950.0|762.0|448.0|197.0|124.0|422.0|246.0|1857.0|235.0|451.0|100.0|1118.0|571.0|618.0|169.0|371.0|
|Balıkesir-10|1050.0|167.0|1569.0|546.0|213.0|424.0|22602.0|8662.0|132.0|142.0|4738.0|862514.0|349.0|387.0|127.0|1360.0|189.0|299.0|677.0|552.0|58052.0|15298.0|262.0|256.0|2512.0|1096.0|854.0|2622.0|360.0|357.0|664.0|4519.0|811.0|369.0|136.0|392.0|749.0|316.0|1068.0|100999.0|79690.0|274.0|473.0|138.0|391.0|469.0|853.0|112.0|254.0|1951.0|163.0|12010.0|2224.0|4311.0|455.0|47064.0|408.0|1290.0|5942.0|210.0|256.0|169.0|399.0|190.0|278.0|2713.0|949.0|671.0|309.0|163.0|777.0|354.0|7298.0|270.0|764.0|184.0|1100.0|845.0|1894.0|284.0|891.0|
|Bartın-74|240.0|32.0|156.0|124.0|80.0|122.0|14902.0|2289.0|38.0|47.0|578.0|910.0|165660.0|72.0|24.0|233.0|57.0|53.0|1511.0|86.0|2674.0|527.0|185.0|126.0|356.0|159.0|900.0|655.0|87.0|99.0|116.0|621.0|199.0|151.0|29.0|94.0|804.0|43.0|176.0|94540.0|2884.0|123.0|9914.0|50.0|68.0|1265.0|279.0|13.0|124.0|523.0|71.0|8806.0|577.0|264.0|73.0|2095.0|121.0|325.0|1375.0|38.0|87.0|49.0|212.0|54.0|83.0|1831.0|630.0|187.0|62.0|197.0|148.0|109.0|6817.0|243.0|285.0|34.0|83.0|152.0|584.0|74.0|13768.0|
|Batman-72|16349.0|461.0|365.0|657.0|291.0|204.0|9797.0|29195.0|145.0|226.0|6959.0|2024.0|203.0|509638.0|181.0|391.0|416.0|3149.0|524.0|333.0|7975.0|688.0|131.0|181.0|1187.0|17705.0|380.0|1974.0|873.0|427.0|567.0|1114.0|3606.0|243.0|137.0|385.0|2609.0|354.0|1635.0|149732.0|19998.0|427.0|150.0|206.0|423.0|229.0|905.0|154.0|236.0|974.0|408.0|6600.0|2948.0|410.0|1567.0|7285.0|11466.0|12966.0|3392.0|4525.0|321.0|193.0|176.0|513.0|158.0|1616.0|551.0|1920.0|10358.0|140.0|2028.0|283.0|4410.0|245.0|290.0|343.0|915.0|2496.0|1102.0|190.0|370.0|
|Bayburt-69|309.0|89.0|208.0|183.0|84.0|206.0|16608.0|2781.0|43.0|164.0|626.0|1563.0|124.0|50.0|63870.0|547.0|30.0|68.0|337.0|90.0|14383.0|560.0|98.0|220.0|240.0|167.0|788.0|795.0|116.0|2491.0|1924.0|1977.0|197.0|451.0|745.0|74.0|266.0|60.0|231.0|124652.0|6758.0|107.0|303.0|39.0|167.0|274.0|375.0|49.0|254.0|625.0|71.0|17357.0|887.0|259.0|98.0|1079.0|89.0|358.0|1158.0|79.0|304.0|41.0|356.0|65.0|813.0|1743.0|2589.0|138.0|42.0|92.0|152.0|226.0|4512.0|324.0|4536.0|48.0|85.0|192.0|2719.0|139.0|1022.0|
|Bilecik-11|273.0|31.0|427.0|74.0|66.0|83.0|7872.0|3032.0|13.0|36.0|815.0|1888.0|80.0|39.0|23.0|131771.0|35.0|35.0|284.0|92.0|22100.0|818.0|78.0|77.0|407.0|143.0|357.0|314.0|65.0|65.0|120.0|33603.0|163.0|68.0|27.0|69.0|133.0|41.0|257.0|35446.0|4994.0|70.0|182.0|24.0|44.0|122.0|237.0|17.0|78.0|296.0|31.0|11384.0|697.0|2277.0|77.0|661.0|74.0|428.0|1359.0|56.0|67.0|38.0|110.0|38.0|36.0|4034.0|258.0|109.0|36.0|42.0|91.0|91.0|1192.0|62.0|114.0|31.0|176.0|121.0|751.0|50.0|229.0|
|Bingöl-12|24527.0|233.0|256.0|359.0|275.0|169.0|9151.0|4326.0|103.0|170.0|2707.0|1560.0|105.0|463.0|160.0|290.0|249292.0|694.0|312.0|149.0|11310.0|615.0|135.0|172.0|386.0|35308.0|390.0|449.0|27159.0|1827.0|1845.0|801.0|1875.0|153.0|162.0|264.0|1440.0|207.0|234.0|151094.0|13218.0|463.0|165.0|90.0|267.0|161.0|860.0|75.0|128.0|365.0|225.0|11956.0|1136.0|213.0|6570.0|2816.0|574.0|6771.0|1356.0|3363.0|312.0|265.0|175.0|2268.0|224.0|1497.0|529.0|747.0|262.0|109.0|466.0|290.0|1722.0|281.0|352.0|494.0|200.0|985.0|1743.0|135.0|225.0|
|Bitlis-13|22479.0|297.0|512.0|1669.0|276.0|280.0|24088.0|13400.0|105.0|168.0|21150.0|2814.0|158.0|3277.0|116.0|1229.0|400.0|305353.0|518.0|466.0|33588.0|1152.0|158.0|226.0|1430.0|4005.0|489.0|710.0|806.0|342.0|870.0|1378.0|2574.0|222.0|152.0|467.0|1048.0|367.0|594.0|248962.0|37642.0|1285.0|337.0|155.0|335.0|336.0|948.0|103.0|379.0|888.0|312.0|15519.0|2221.0|497.0|851.0|20742.0|575.0|45642.0|2945.0|5377.0|353.0|336.0|210.0|2977.0|186.0|2398.0|609.0|684.0|2993.0|131.0|604.0|373.0|7099.0|259.0|314.0|149.0|728.0|18404.0|4782.0|216.0|383.0|
|Bolu-14|529.0|58.0|343.0|161.0|186.0|209.0|84875.0|6391.0|31.0|43.0|1224.0|1464.0|684.0|76.0|38.0|627.0|42.0|58.0|216959.0|104.0|3419.0|740.0|394.0|229.0|406.0|231.0|4585.0|396.0|87.0|128.0|265.0|3293.0|268.0|133.0|53.0|82.0|324.0|86.0|245.0|64103.0|5544.0|104.0|3310.0|61.0|91.0|562.0|547.0|61.0|461.0|409.0|130.0|22339.0|1332.0|347.0|110.0|554.0|139.0|784.0|2169.0|72.0|176.0|102.0|137.0|73.0|87.0|7568.0|616.0|208.0|58.0|137.0|173.0|181.0|1405.0|134.0|273.0|51.0|142.0|227.0|730.0|178.0|2973.0|
|Burdur-15|516.0|76.0|1748.0|99.0|157.0|109.0|7075.0|79978.0|47.0|66.0|2699.0|721.0|85.0|99.0|31.0|133.0|43.0|86.0|160.0|207488.0|1572.0|355.0|65.0|105.0|24810.0|256.0|130.0|200.0|118.0|95.0|162.0|1037.0|291.0|95.0|42.0|97.0|223.0|44.0|11682.0|10456.0|9751.0|100.0|134.0|146.0|99.0|124.0|301.0|47.0|84.0|162.0|105.0|1340.0|1738.0|500.0|89.0|1041.0|124.0|551.0|4688.0|81.0|100.0|94.0|83.0|76.0|61.0|443.0|213.0|255.0|94.0|61.0|227.0|167.0|518.0|115.0|162.0|62.0|559.0|267.0|195.0|72.0|157.0|
|Bursa-16|1002.0|134.0|1540.0|373.0|229.0|296.0|21062.0|11664.0|191.0|488.0|3207.0|18663.0|330.0|206.0|161.0|4958.0|148.0|235.0|989.0|489.0|1564774.0|4971.0|248.0|404.0|1398.0|744.0|1223.0|1998.0|441.0|393.0|921.0|7359.0|801.0|664.0|253.0|248.0|690.0|181.0|824.0|103415.0|22754.0|276.0|622.0|153.0|237.0|449.0|761.0|76.0|285.0|1649.0|217.0|18493.0|2097.0|4587.0|305.0|3604.0|292.0|1409.0|6581.0|268.0|254.0|214.0|406.0|134.0|365.0|5071.0|1247.0|427.0|196.0|210.0|423.0|331.0|5047.0|313.0|997.0|387.0|532.0|471.0|8612.0|400.0|922.0|
|Çanakkale-17|347.0|43.0|310.0|108.0|95.0|165.0|7876.0|2989.0|42.0|52.0|1528.0|24808.0|96.0|87.0|40.0|373.0|59.0|87.0|279.0|199.0|12322.0|376095.0|80.0|103.0|690.0|317.0|296.0|4104.0|91.0|110.0|232.0|1389.0|349.0|108.0|47.0|126.0|282.0|75.0|282.0|70526.0|20930.0|82.0|153.0|74.0|112.0|168.0|298.0|20.0|96.0|1925.0|49.0|4528.0|677.0|445.0|162.0|1984.0|146.0|534.0|2349.0|64.0|104.0|75.0|210.0|44.0|99.0|1092.0|414.0|188.0|64.0|143.0|196.0|137.0|10482.0|100.0|219.0|37.0|166.0|228.0|706.0|92.0|316.0|
|Çankırı-18|819.0|175.0|544.0|273.0|410.0|436.0|258028.0|9593.0|65.0|110.0|2057.0|2894.0|765.0|202.0|68.0|446.0|99.0|172.0|1718.0|290.0|4613.0|1333.0|159894.0|1182.0|868.0|590.0|943.0|728.0|217.0|225.0|397.0|2053.0|477.0|245.0|94.0|242.0|884.0|157.0|564.0|164726.0|8491.0|251.0|8427.0|146.0|165.0|2745.0|1065.0|99.0|2513.0|643.0|342.0|14886.0|2713.0|483.0|249.0|989.0|306.0|1408.0|2942.0|163.0|339.0|252.0|407.0|134.0|146.0|2509.0|1419.0|407.0|199.0|428.0|372.0|480.0|3067.0|414.0|413.0|118.0|193.0|482.0|1104.0|413.0|3499.0|
|Çorum-19|1767.0|401.0|1200.0|642.0|750.0|8360.0|438640.0|28327.0|199.0|289.0|7619.0|6075.0|950.0|397.0|203.0|705.0|294.0|479.0|6147.0|649.0|19671.0|2698.0|2912.0|458361.0|2091.0|1387.0|1733.0|1690.0|509.0|822.0|1045.0|4312.0|1343.0|857.0|301.0|603.0|1514.0|402.0|1258.0|176744.0|43388.0|486.0|1299.0|264.0|490.0|5205.0|3292.0|177.0|7065.0|1510.0|990.0|15161.0|4354.0|959.0|507.0|3492.0|772.0|3574.0|8448.0|423.0|760.0|492.0|1520.0|296.0|480.0|5289.0|9339.0|1107.0|458.0|1540.0|1048.0|1384.0|6219.0|2780.0|1234.0|421.0|463.0|1089.0|1576.0|2744.0|1795.0|
|Denizli-20|793.0|148.0|4408.0|330.0|236.0|238.0|15317.0|17370.0|86.0|143.0|23766.0|2883.0|161.0|248.0|83.0|366.0|136.0|230.0|367.0|4545.0|4462.0|1366.0|195.0|195.0|753423.0|586.0|341.0|669.0|243.0|218.0|439.0|2607.0|786.0|147.0|88.0|265.0|537.0|168.0|3275.0|33973.0|50946.0|256.0|242.0|253.0|186.0|317.0|654.0|75.0|175.0|493.0|158.0|2909.0|2728.0|1519.0|213.0|5877.0|261.0|1099.0|21819.0|166.0|239.0|179.0|261.0|181.0|178.0|1156.0|732.0|649.0|152.0|126.0|488.0|239.0|1452.0|281.0|350.0|115.0|4525.0|711.0|447.0|223.0|386.0|
|Diyarbakır-21|72620.0|1642.0|1364.0|1735.0|800.0|652.0|35348.0|55071.0|537.0|644.0|11229.0|6929.0|375.0|47940.0|449.0|2552.0|5569.0|3178.0|1242.0|1260.0|45086.0|2677.0|334.0|478.0|2473.0|1554268.0|1705.0|2042.0|18548.0|1401.0|2047.0|4134.0|7580.0|659.0|502.0|1172.0|14640.0|1057.0|1588.0|238539.0|91624.0|1313.0|444.0|788.0|1387.0|576.0|2358.0|554.0|522.0|1329.0|981.0|16457.0|5322.0|1032.0|5116.0|13732.0|10903.0|72450.0|8816.0|5930.0|859.0|758.0|858.0|1824.0|492.0|3659.0|1479.0|17683.0|3046.0|498.0|2954.0|1232.0|9336.0|943.0|695.0|2108.0|1259.0|4189.0|6623.0|853.0|969.0|
|Düzce-81|270.0|63.0|173.0|132.0|83.0|169.0|8783.0|2817.0|41.0|67.0|669.0|1091.0|369.0|76.0|27.0|489.0|41.0|69.0|10710.0|157.0|3821.0|562.0|152.0|126.0|279.0|221.0|296823.0|429.0|79.0|112.0|145.0|1041.0|209.0|218.0|73.0|111.0|232.0|82.0|153.0|45645.0|3503.0|130.0|518.0|50.0|109.0|285.0|328.0|42.0|102.0|394.0|58.0|23082.0|628.0|226.0|122.0|469.0|143.0|428.0|1685.0|44.0|83.0|44.0|252.0|44.0|123.0|17596.0|678.0|161.0|75.0|114.0|196.0|122.0|2097.0|137.0|497.0|77.0|98.0|190.0|992.0|85.0|5073.0|
|Edirne-22|253.0|27.0|189.0|115.0|45.0|122.0|5047.0|2736.0|34.0|76.0|1075.0|2467.0|103.0|75.0|24.0|197.0|16.0|57.0|228.0|98.0|10776.0|4095.0|61.0|95.0|421.0|180.0|332.0|283110.0|83.0|103.0|135.0|1098.0|218.0|158.0|38.0|93.0|214.0|78.0|186.0|101041.0|8814.0|51.0|110.0|49.0|79.0|156.0|196.0|22.0|69.0|12699.0|48.0|5593.0|396.0|222.0|85.0|800.0|107.0|370.0|1693.0|61.0|57.0|58.0|181.0|68.0|120.0|1184.0|480.0|118.0|67.0|92.0|133.0|91.0|50703.0|147.0|192.0|30.0|86.0|204.0|793.0|33.0|271.0|
|Elazığ-23|33045.0|851.0|766.0|475.0|533.0|487.0|36177.0|15288.0|230.0|303.0|3939.0|4834.0|387.0|933.0|276.0|1170.0|6014.0|1358.0|742.0|529.0|17522.0|1778.0|254.0|442.0|1418.0|14761.0|635.0|1109.0|477803.0|1639.0|1549.0|3108.0|4503.0|574.0|324.0|440.0|2360.0|271.0|1007.0|153815.0|32443.0|1664.0|439.0|342.0|375.0|524.0|4069.0|271.0|518.0|974.0|416.0|13742.0|3590.0|900.0|34636.0|3165.0|1044.0|14025.0|5104.0|1051.0|769.0|662.0|820.0|901.0|404.0|2665.0|1739.0|2150.0|610.0|272.0|735.0|1358.0|3997.0|835.0|915.0|3822.0|394.0|1152.0|2004.0|398.0|647.0|
|Erzincan-24|1113.0|99.0|334.0|234.0|181.0|397.0|37323.0|11668.0|61.0|111.0|6138.0|5101.0|179.0|117.0|412.0|366.0|167.0|105.0|465.0|255.0|13045.0|1683.0|193.0|272.0|793.0|454.0|599.0|962.0|1213.0|167969.0|2353.0|2402.0|549.0|362.0|1020.0|113.0|510.0|91.0|515.0|301667.0|28526.0|235.0|255.0|92.0|264.0|328.0|1282.0|57.0|410.0|958.0|101.0|15585.0|1673.0|403.0|1036.0|2322.0|142.0|2258.0|4096.0|155.0|244.0|134.0|525.0|150.0|326.0|2642.0|1395.0|276.0|130.0|174.0|203.0|1244.0|7127.0|698.0|1212.0|687.0|192.0|370.0|2846.0|232.0|942.0|
|Erzurum-25|7263.0|528.0|1668.0|2919.0|828.0|1177.0|123815.0|19962.0|1039.0|2228.0|14831.0|11442.0|705.0|536.0|2130.0|3771.0|1066.0|760.0|1884.0|1094.0|155318.0|4636.0|645.0|975.0|10100.0|2028.0|4298.0|2760.0|1991.0|7232.0|649218.0|9019.0|2033.0|1668.0|1246.0|773.0|2530.0|1433.0|1656.0|456192.0|155564.0|893.0|1543.0|705.0|3159.0|1106.0|13872.0|210.0|1324.0|5004.0|1724.0|100587.0|15086.0|2043.0|2014.0|23471.0|767.0|6170.0|7879.0|2237.0|1193.0|682.0|1576.0|768.0|6949.0|21357.0|4978.0|1325.0|564.0|567.0|1152.0|1821.0|42749.0|1815.0|4563.0|412.0|1036.0|2197.0|15433.0|968.0|2164.0|
|Eskişehir-26|1149.0|107.0|3829.0|281.0|264.0|413.0|47059.0|16254.0|69.0|113.0|3682.0|6072.0|228.0|271.0|80.0|9937.0|113.0|141.0|725.0|486.0|18917.0|2404.0|237.0|323.0|1715.0|675.0|736.0|840.0|224.0|238.0|508.0|500888.0|574.0|174.0|84.0|164.0|561.0|163.0|1107.0|54959.0|27505.0|194.0|364.0|150.0|147.0|335.0|966.0|43.0|377.0|938.0|176.0|14258.0|3226.0|6136.0|325.0|2417.0|340.0|1506.0|5460.0|136.0|276.0|174.0|265.0|141.0|155.0|3301.0|1009.0|424.0|125.0|164.0|337.0|418.0|3480.0|254.0|340.0|107.0|671.0|457.0|1654.0|262.0|668.0|
|Gaziantep-27|23866.0|3187.0|977.0|727.0|923.0|596.0|29293.0|34213.0|213.0|457.0|4478.0|4292.0|416.0|850.0|306.0|701.0|533.0|667.0|897.0|804.0|10431.0|2282.0|413.0|569.0|2165.0|2506.0|775.0|1358.0|1758.0|806.0|1180.0|3623.0|1414178.0|592.0|503.0|835.0|18138.0|421.0|1571.0|95328.0|21121.0|10753.0|516.0|761.0|538.0|549.0|3717.0|9723.0|589.0|1117.0|679.0|8761.0|4844.0|870.0|2164.0|2325.0|1527.0|27101.0|7890.0|370.0|1070.0|1018.0|746.0|10152.0|538.0|2189.0|2031.0|7266.0|776.0|372.0|1527.0|1589.0|3731.0|973.0|1209.0|410.0|1066.0|1116.0|1624.0|710.0|835.0|
|Giresun-28|976.0|163.0|454.0|416.0|264.0|805.0|25048.0|7268.0|117.0|466.0|2136.0|3595.0|566.0|183.0|327.0|735.0|139.0|212.0|1237.0|321.0|42753.0|2449.0|253.0|495.0|1068.0|548.0|4354.0|1384.0|316.0|690.0|1386.0|2059.0|677.0|393093.0|1549.0|298.0|692.0|174.0|474.0|485500.0|13324.0|309.0|833.0|144.0|297.0|748.0|1081.0|79.0|319.0|1929.0|182.0|69319.0|1677.0|584.0|266.0|1757.0|267.0|1285.0|3892.0|153.0|241.0|213.0|13404.0|193.0|1714.0|10769.0|14730.0|337.0|157.0|786.0|432.0|1274.0|8932.0|844.0|8083.0|123.0|261.0|478.0|3856.0|300.0|6646.0|
|Gümüşhane-29|449.0|92.0|323.0|227.0|787.0|465.0|35020.0|8452.0|59.0|167.0|1594.0|2910.0|218.0|78.0|975.0|814.0|64.0|104.0|473.0|180.0|17282.0|1088.0|137.0|283.0|665.0|311.0|988.0|2229.0|141.0|10278.0|1494.0|991.0|318.0|2979.0|111793.0|156.0|573.0|108.0|670.0|148173.0|12613.0|166.0|602.0|75.0|164.0|284.0|564.0|37.0|476.0|2161.0|871.0|42580.0|2272.0|287.0|133.0|1115.0|137.0|1364.0|2165.0|96.0|119.0|94.0|1054.0|102.0|790.0|3788.0|5732.0|211.0|123.0|236.0|203.0|426.0|4157.0|502.0|14582.0|62.0|143.0|298.0|1536.0|200.0|2259.0|
|Hakkari-30|924.0|100.0|117.0|579.0|64.0|71.0|3869.0|4992.0|125.0|83.0|464.0|721.0|56.0|327.0|81.0|95.0|192.0|568.0|83.0|154.0|1764.0|158.0|32.0|52.0|257.0|916.0|95.0|173.0|173.0|225.0|319.0|364.0|904.0|64.0|79.0|244732.0|797.0|373.0|123.0|20136.0|3772.0|104.0|42.0|52.0|336.0|70.0|134.0|44.0|37.0|185.0|57.0|1392.0|364.0|129.0|175.0|583.0|443.0|8660.0|620.0|264.0|84.0|66.0|50.0|59.0|71.0|204.0|116.0|303.0|257.0|39.0|1008.0|107.0|2265.0|60.0|104.0|196.0|85.0|56363.0|512.0|37.0|63.0|
|Hatay-31|33132.0|1127.0|1944.0|739.0|3439.0|834.0|47863.0|54920.0|257.0|507.0|5520.0|4384.0|520.0|1350.0|336.0|996.0|552.0|660.0|1579.0|1599.0|13954.0|2605.0|652.0|922.0|3994.0|2813.0|1178.0|1963.0|1335.0|792.0|1394.0|6454.0|23651.0|909.0|581.0|1093.0|1337109.0|529.0|2477.0|124792.0|25801.0|5920.0|931.0|2318.0|563.0|877.0|4620.0|5564.0|1091.0|1464.0|1053.0|11095.0|11111.0|1549.0|1877.0|3283.0|2785.0|43901.0|13605.0|486.0|2047.0|2368.0|1016.0|11306.0|691.0|3404.0|3133.0|4342.0|889.0|563.0|1467.0|1580.0|7159.0|1077.0|2434.0|657.0|1052.0|1429.0|1631.0|882.0|1268.0|
|Iğdır-76|604.0|70.0|357.0|2344.0|98.0|285.0|9960.0|3947.0|815.0|193.0|3059.0|1896.0|93.0|113.0|261.0|348.0|104.0|149.0|502.0|104.0|6520.0|808.0|97.0|118.0|933.0|418.0|563.0|1431.0|161.0|1253.0|2217.0|1328.0|567.0|219.0|363.0|140.0|288.0|167522.0|212.0|100788.0|15188.0|137.0|132.0|37.0|3523.0|136.0|719.0|35.0|183.0|2633.0|75.0|7359.0|601.0|243.0|149.0|4727.0|142.0|620.0|1514.0|117.0|82.0|80.0|233.0|77.0|200.0|1462.0|493.0|241.0|95.0|106.0|183.0|188.0|7621.0|218.0|394.0|50.0|270.0|1269.0|1140.0|78.0|236.0|
|Isparta-32|904.0|131.0|4165.0|254.0|286.0|193.0|24311.0|64583.0|86.0|111.0|4542.0|1873.0|167.0|196.0|65.0|426.0|123.0|189.0|377.0|6627.0|4911.0|957.0|217.0|156.0|5581.0|521.0|331.0|475.0|207.0|193.0|358.0|2821.0|528.0|129.0|68.0|256.0|568.0|113.0|324029.0|56122.0|23902.0|202.0|242.0|383.0|181.0|280.0|572.0|83.0|314.0|543.0|128.0|3666.0|7989.0|1110.0|191.0|1985.0|267.0|1110.0|3933.0|134.0|262.0|159.0|193.0|127.0|102.0|1300.0|496.0|450.0|177.0|87.0|391.0|251.0|1789.0|168.0|280.0|124.0|722.0|459.0|475.0|190.0|331.0|
|İstanbul-34|3529.0|331.0|955.0|240.0|369.0|921.0|37710.0|34596.0|125.0|412.0|10038.0|27605.0|858.0|305.0|425.0|1642.0|323.0|168.0|2004.0|540.0|28552.0|15323.0|677.0|779.0|2386.0|823.0|3546.0|9237.0|652.0|1109.0|936.0|5876.0|2176.0|3964.0|684.0|171.0|1579.0|268.0|1012.0|2139544.0|47013.0|532.0|989.0|267.0|331.0|2563.0|2030.0|237.0|447.0|12251.0|293.0|43753.0|3168.0|1044.0|936.0|3059.0|460.0|4941.0|36505.0|163.0|717.0|437.0|2585.0|286.0|1700.0|15738.0|4794.0|647.0|199.0|1892.0|301.0|1402.0|52847.0|1427.0|2715.0|551.0|549.0|514.0|14797.0|390.0|1902.0|
|İzmir-35|1816.0|216.0|2593.0|406.0|360.0|509.0|23248.0|15681.0|126.0|207.0|27584.0|13053.0|224.0|476.0|110.0|479.0|183.0|244.0|474.0|956.0|11301.0|4404.0|203.0|417.0|6883.0|1111.0|483.0|1472.0|436.0|413.0|1099.0|3771.0|1346.0|393.0|159.0|239.0|821.0|220.0|1618.0|70762.0|1664288.0|380.0|328.0|372.0|346.0|361.0|1057.0|114.0|352.0|1139.0|220.0|5807.0|3610.0|1840.0|454.0|34264.0|672.0|2385.0|18234.0|267.0|368.0|293.0|515.0|324.0|313.0|2107.0|1358.0|798.0|209.0|251.0|490.0|463.0|3692.0|429.0|662.0|255.0|2477.0|852.0|1083.0|315.0|637.0|
|Kahramanmaraş-46|32363.0|3056.0|1625.0|936.0|1845.0|993.0|47684.0|39728.0|308.0|420.0|6351.0|5352.0|454.0|934.0|447.0|1010.0|778.0|1006.0|1306.0|1231.0|12399.0|3019.0|654.0|972.0|2778.0|2858.0|1276.0|1428.0|2722.0|1269.0|1818.0|4022.0|71873.0|942.0|760.0|1299.0|17681.0|619.0|1933.0|113303.0|25900.0|1039015.0|1123.0|1187.0|861.0|1045.0|35877.0|2122.0|1285.0|1643.0|2589.0|9762.0|8699.0|1405.0|5935.0|3229.0|1897.0|29298.0|8868.0|600.0|2695.0|1832.0|1165.0|47578.0|724.0|3327.0|3142.0|3895.0|1032.0|497.0|2021.0|3962.0|7026.0|1783.0|1613.0|733.0|840.0|1499.0|1482.0|1909.0|1019.0|
|Karabük-78|416.0|79.0|263.0|114.0|127.0|221.0|22949.0|3434.0|66.0|67.0|1105.0|1519.0|2422.0|88.0|27.0|360.0|52.0|53.0|3214.0|94.0|3845.0|720.0|1382.0|190.0|489.0|228.0|1150.0|857.0|121.0|102.0|280.0|996.0|308.0|139.0|60.0|100.0|2495.0|64.0|230.0|92318.0|4334.0|137.0|156543.0|88.0|79.0|2148.0|561.0|66.0|205.0|626.0|70.0|17219.0|978.0|382.0|108.0|995.0|134.0|528.0|1483.0|58.0|105.0|66.0|272.0|120.0|131.0|2659.0|919.0|181.0|83.0|284.0|171.0|129.0|4373.0|189.0|371.0|67.0|76.0|210.0|803.0|148.0|12147.0|
|Karaman-70|1735.0|98.0|666.0|154.0|972.0|181.0|11384.0|20954.0|42.0|40.0|1633.0|1017.0|111.0|155.0|49.0|209.0|79.0|117.0|242.0|432.0|1992.0|575.0|157.0|132.0|789.0|370.0|239.0|274.0|155.0|103.0|230.0|1107.0|560.0|89.0|61.0|148.0|474.0|98.0|903.0|27572.0|15106.0|218.0|113.0|199563.0|129.0|178.0|869.0|72.0|136.0|309.0|232.0|2227.0|53156.0|412.0|159.0|1033.0|184.0|9169.0|1794.0|113.0|340.0|781.0|156.0|175.0|105.0|596.0|376.0|394.0|122.0|89.0|276.0|267.0|967.0|174.0|225.0|72.0|247.0|245.0|325.0|264.0|225.0|
|Kars-36|2740.0|150.0|908.0|2216.0|314.0|720.0|98638.0|9899.0|1184.0|397.0|5555.0|7313.0|312.0|228.0|172.0|1800.0|164.0|237.0|961.0|462.0|35563.0|2279.0|375.0|377.0|2479.0|727.0|3394.0|3818.0|352.0|1011.0|8027.0|8509.0|786.0|494.0|207.0|307.0|929.0|3216.0|761.0|309231.0|87187.0|317.0|540.0|225.0|233703.0|370.0|9421.0|87.0|1078.0|3136.0|584.0|72024.0|7245.0|883.0|407.0|13613.0|287.0|2126.0|5331.0|297.0|888.0|566.0|657.0|229.0|412.0|7036.0|1697.0|399.0|203.0|236.0|446.0|769.0|30798.0|608.0|760.0|104.0|841.0|920.0|4097.0|377.0|2581.0|
|Kastamonu-37|825.0|163.0|639.0|232.0|301.0|621.0|46681.0|7291.0|71.0|149.0|1843.0|4653.0|2176.0|118.0|116.0|930.0|115.0|148.0|1965.0|294.0|7814.0|2501.0|2130.0|1034.0|1031.0|500.0|2145.0|2202.0|236.0|239.0|484.0|2254.0|549.0|545.0|153.0|226.0|1545.0|172.0|506.0|546718.0|10045.0|249.0|14940.0|188.0|168.0|316978.0|1074.0|75.0|527.0|3564.0|221.0|34791.0|2094.0|536.0|249.0|1235.0|250.0|1251.0|4096.0|124.0|306.0|175.0|698.0|143.0|258.0|6569.0|3395.0|422.0|140.0|2551.0|334.0|451.0|12618.0|529.0|803.0|94.0|276.0|444.0|2930.0|342.0|8596.0|
|Kayseri-38|19728.0|441.0|1216.0|695.0|2988.0|815.0|108548.0|36660.0|158.0|234.0|5931.0|7216.0|405.0|513.0|217.0|668.0|355.0|484.0|1289.0|857.0|10723.0|2426.0|611.0|986.0|2224.0|1600.0|1062.0|1428.0|884.0|925.0|1358.0|4659.0|2779.0|580.0|413.0|673.0|2704.0|346.0|2199.0|164164.0|26021.0|2521.0|850.0|950.0|513.0|906.0|987021.0|243.0|1965.0|1732.0|3480.0|8757.0|13434.0|955.0|1209.0|2648.0|793.0|16699.0|7939.0|390.0|9985.0|5886.0|824.0|1536.0|529.0|3150.0|2658.0|1431.0|559.0|412.0|1226.0|5402.0|6141.0|1772.0|1020.0|396.0|814.0|1097.0|1751.0|4379.0|1300.0|
|Kilis-79|5830.0|324.0|257.0|193.0|191.0|115.0|7492.0|6391.0|71.0|77.0|870.0|865.0|92.0|165.0|60.0|146.0|93.0|183.0|173.0|192.0|2595.0|486.0|79.0|113.0|360.0|577.0|179.0|385.0|321.0|146.0|258.0|1067.0|118218.0|117.0|105.0|181.0|6393.0|86.0|259.0|41891.0|4721.0|1328.0|97.0|118.0|103.0|156.0|792.0|122051.0|106.0|288.0|132.0|2202.0|1126.0|355.0|388.0|527.0|339.0|5573.0|1848.0|84.0|249.0|170.0|130.0|2003.0|93.0|647.0|367.0|1110.0|157.0|52.0|414.0|256.0|1082.0|183.0|294.0|111.0|76.0|259.0|363.0|141.0|233.0|
|Kırıkkale-71|922.0|144.0|746.0|323.0|670.0|538.0|214339.0|13047.0|81.0|155.0|2835.0|2872.0|472.0|333.0|106.0|365.0|213.0|244.0|1038.0|334.0|6870.0|1151.0|1564.0|2281.0|977.0|880.0|609.0|544.0|294.0|350.0|508.0|2660.0|720.0|249.0|102.0|345.0|952.0|227.0|690.0|35787.0|11963.0|330.0|533.0|164.0|259.0|765.0|2559.0|68.0|188942.0|670.0|2796.0|6927.0|2952.0|659.0|285.0|1503.0|428.0|1722.0|3470.0|223.0|633.0|359.0|398.0|187.0|220.0|1599.0|1633.0|684.0|314.0|302.0|553.0|705.0|4113.0|554.0|492.0|220.0|237.0|706.0|834.0|1226.0|855.0|
|Kırklareli-39|402.0|35.0|155.0|73.0|68.0|79.0|4645.0|3700.0|16.0|18.0|934.0|2324.0|92.0|41.0|16.0|179.0|26.0|37.0|236.0|95.0|6882.0|2296.0|71.0|88.0|315.0|124.0|360.0|9524.0|70.0|61.0|104.0|1266.0|148.0|136.0|24.0|41.0|153.0|41.0|175.0|109064.0|6001.0|56.0|109.0|25.0|49.0|156.0|167.0|28.0|85.0|235558.0|34.0|4813.0|344.0|212.0|76.0|578.0|47.0|465.0|1680.0|31.0|82.0|58.0|195.0|36.0|71.0|1385.0|461.0|100.0|42.0|137.0|84.0|92.0|44076.0|138.0|147.0|24.0|100.0|135.0|634.0|24.0|230.0|
|Kırşehir-40|1493.0|200.0|697.0|256.0|1955.0|468.0|218527.0|15292.0|75.0|149.0|3788.0|3040.0|388.0|307.0|109.0|426.0|145.0|270.0|931.0|330.0|8221.0|1257.0|488.0|895.0|1161.0|855.0|691.0|620.0|310.0|351.0|489.0|2861.0|934.0|216.0|109.0|256.0|893.0|167.0|773.0|47255.0|17987.0|414.0|584.0|233.0|240.0|558.0|9412.0|104.0|19504.0|526.0|171921.0|7514.0|3849.0|517.0|364.0|1917.0|412.0|2734.0|4059.0|196.0|2284.0|731.0|360.0|248.0|197.0|1829.0|1423.0|626.0|216.0|232.0|495.0|859.0|2242.0|579.0|477.0|163.0|360.0|666.0|912.0|7890.0|841.0|
|Kocaeli-41|392.0|49.0|339.0|99.0|84.0|181.0|6567.0|4098.0|46.0|142.0|1176.0|2316.0|228.0|59.0|93.0|717.0|42.0|51.0|756.0|108.0|7878.0|1226.0|148.0|193.0|403.0|180.0|1336.0|830.0|87.0|104.0|276.0|1594.0|333.0|342.0|225.0|81.0|255.0|44.0|252.0|59216.0|7234.0|93.0|318.0|56.0|82.0|207.0|307.0|37.0|150.0|911.0|58.0|558134.0|937.0|481.0|118.0|675.0|85.0|630.0|3227.0|84.0|101.0|179.0|376.0|59.0|250.0|14060.0|898.0|153.0|50.0|158.0|103.0|158.0|2825.0|188.0|697.0|58.0|131.0|179.0|4321.0|109.0|787.0|
|Konya-42|10384.0|547.0|11036.0|1010.0|13462.0|1050.0|103730.0|100160.0|265.0|377.0|17435.0|6629.0|545.0|864.0|339.0|2112.0|575.0|743.0|1491.0|2901.0|27683.0|3131.0|873.0|1108.0|8423.0|2272.0|1412.0|1859.0|1032.0|1185.0|1671.0|24097.0|3571.0|647.0|430.0|927.0|3243.0|588.0|9149.0|164077.0|130234.0|1240.0|1245.0|19181.0|737.0|1259.0|5191.0|375.0|1586.0|2274.0|1487.0|19040.0|1883155.0|3369.0|962.0|11314.0|1289.0|12993.0|12859.0|532.0|2132.0|5434.0|1007.0|1979.0|722.0|4578.0|2566.0|2548.0|778.0|520.0|1758.0|1634.0|8670.0|1049.0|1196.0|459.0|2358.0|1794.0|1892.0|1549.0|1695.0|
|Kütahya-43|534.0|79.0|4420.0|270.0|186.0|182.0|12212.0|10403.0|73.0|90.0|3578.0|6593.0|223.0|265.0|74.0|6144.0|146.0|183.0|430.0|751.0|29609.0|1657.0|211.0|211.0|2780.0|598.0|478.0|602.0|298.0|190.0|396.0|17176.0|550.0|146.0|82.0|280.0|525.0|150.0|1076.0|34489.0|56990.0|235.0|249.0|153.0|189.0|315.0|487.0|54.0|202.0|502.0|133.0|5501.0|2142.0|467971.0|219.0|24389.0|354.0|808.0|3888.0|170.0|215.0|110.0|185.0|118.0|105.0|2131.0|550.0|458.0|195.0|118.0|466.0|246.0|1865.0|245.0|259.0|135.0|22317.0|513.0|847.0|223.0|546.0|
|Malatya-44|25877.0|5837.0|1169.0|573.0|1288.0|1229.0|65206.0|24400.0|221.0|494.0|7896.0|8543.0|553.0|961.0|371.0|1134.0|1259.0|814.0|1569.0|820.0|17916.0|3645.0|455.0|843.0|3017.0|3435.0|1414.0|2615.0|9461.0|1853.0|1533.0|5181.0|12315.0|1001.0|534.0|655.0|6108.0|431.0|1298.0|422078.0|41614.0|6671.0|739.0|568.0|607.0|922.0|6560.0|532.0|1164.0|2991.0|887.0|14983.0|6220.0|1235.0|586072.0|5844.0|1259.0|27967.0|8393.0|836.0|1986.0|888.0|1474.0|5226.0|742.0|5483.0|3850.0|3457.0|635.0|679.0|1139.0|6677.0|11823.0|1876.0|1497.0|823.0|1456.0|1622.0|2788.0|1045.0|1434.0|
|Manisa-45|1221.0|217.0|2953.0|608.0|344.0|436.0|17858.0|10327.0|104.0|181.0|11686.0|14303.0|269.0|472.0|113.0|717.0|240.0|477.0|494.0|939.0|12769.0|3512.0|287.0|250.0|11203.0|1204.0|555.0|1314.0|476.0|329.0|751.0|3382.0|913.0|304.0|161.0|411.0|775.0|373.0|1664.0|49786.0|208037.0|385.0|392.0|227.0|379.0|411.0|917.0|120.0|270.0|986.0|240.0|5490.0|2871.0|3955.0|425.0|1005053.0|656.0|1423.0|10577.0|391.0|347.0|270.0|368.0|238.0|315.0|2096.0|905.0|864.0|410.0|201.0|843.0|369.0|3471.0|384.0|562.0|278.0|11008.0|1105.0|934.0|274.0|660.0|
|Mardin-47|107307.0|722.0|1191.0|860.0|1162.0|447.0|27662.0|32803.0|265.0|339.0|6814.0|7959.0|261.0|20878.0|288.0|706.0|636.0|1058.0|881.0|776.0|23799.0|2033.0|325.0|426.0|1613.0|90181.0|814.0|1763.0|1762.0|727.0|1006.0|3983.0|13195.0|336.0|284.0|749.0|11903.0|532.0|2294.0|267308.0|179745.0|956.0|384.0|397.0|611.0|411.0|1907.0|511.0|437.0|1394.0|1931.0|13616.0|11532.0|800.0|1247.0|19166.0|785574.0|53101.0|7459.0|648.0|1122.0|599.0|432.0|1844.0|371.0|2434.0|993.0|28369.0|1822.0|246.0|6628.0|624.0|4219.0|478.0|478.0|637.0|969.0|2195.0|3080.0|478.0|815.0|
|Mersin-33|55576.0|2359.0|1515.0|677.0|2207.0|621.0|36768.0|36410.0|189.0|341.0|3511.0|3472.0|318.0|981.0|234.0|721.0|514.0|684.0|1029.0|1325.0|7690.0|2042.0|605.0|504.0|2269.0|2595.0|734.0|1031.0|1189.0|696.0|1014.0|4122.0|7743.0|476.0|419.0|739.0|7326.0|424.0|2243.0|66455.0|19666.0|3039.0|551.0|15895.0|466.0|683.0|4314.0|801.0|594.0|937.0|703.0|6465.0|13795.0|1104.0|1932.0|2661.0|1632.0|1032303.0|7275.0|510.0|1712.0|4380.0|647.0|3097.0|473.0|2020.0|1669.0|4300.0|961.0|333.0|1607.0|1395.0|3159.0|785.0|1020.0|618.0|715.0|1584.0|994.0|861.0|822.0|
|Muğla-48|662.0|65.0|1086.0|145.0|172.0|174.0|7610.0|14724.0|33.0|67.0|12218.0|1359.0|98.0|127.0|35.0|150.0|52.0|85.0|207.0|1582.0|2108.0|798.0|98.0|133.0|6490.0|358.0|209.0|429.0|151.0|111.0|247.0|1213.0|362.0|116.0|77.0|96.0|311.0|87.0|1399.0|16156.0|32234.0|224.0|121.0|136.0|114.0|169.0|354.0|34.0|129.0|251.0|91.0|1594.0|1238.0|547.0|111.0|2295.0|136.0|653.0|550277.0|115.0|129.0|110.0|200.0|129.0|103.0|551.0|408.0|319.0|85.0|85.0|210.0|180.0|746.0|135.0|255.0|63.0|499.0|340.0|200.0|91.0|269.0|
|Muş-49|13642.0|299.0|693.0|3198.0|273.0|220.0|13845.0|8627.0|133.0|182.0|21075.0|9113.0|189.0|1376.0|160.0|1461.0|1641.0|11464.0|981.0|911.0|108964.0|3233.0|155.0|209.0|8947.0|5393.0|753.0|1209.0|2697.0|487.0|2277.0|2899.0|3965.0|236.0|204.0|391.0|1535.0|479.0|605.0|191571.0|73549.0|2426.0|258.0|296.0|408.0|221.0|1854.0|131.0|220.0|1471.0|681.0|32209.0|2832.0|760.0|4147.0|29294.0|636.0|21004.0|4214.0|348259.0|664.0|301.0|185.0|1586.0|240.0|8286.0|614.0|886.0|572.0|78.0|601.0|328.0|19797.0|737.0|496.0|205.0|472.0|6423.0|9734.0|249.0|607.0|
|Nevşehir-50|2033.0|161.0|441.0|253.0|3899.0|324.0|65578.0|9437.0|65.0|91.0|1973.0|1987.0|204.0|154.0|81.0|325.0|135.0|158.0|553.0|260.0|4443.0|802.0|257.0|421.0|840.0|436.0|588.0|648.0|215.0|264.0|449.0|1652.0|783.0|187.0|122.0|223.0|613.0|133.0|580.0|93060.0|14155.0|413.0|298.0|179.0|167.0|334.0|41835.0|85.0|899.0|614.0|10419.0|8745.0|4174.0|392.0|269.0|1266.0|271.0|3664.0|2824.0|138.0|243870.0|2384.0|269.0|282.0|145.0|1514.0|861.0|487.0|169.0|145.0|304.0|873.0|3406.0|497.0|383.0|98.0|334.0|304.0|691.0|1392.0|391.0|
|Niğde-51|28320.0|266.0|897.0|311.0|7356.0|490.0|54986.0|14731.0|102.0|125.0|3120.0|2859.0|339.0|307.0|107.0|615.0|212.0|270.0|930.0|502.0|17897.0|1198.0|342.0|629.0|2428.0|689.0|643.0|770.0|518.0|474.0|517.0|4307.0|1400.0|290.0|180.0|410.0|2612.0|172.0|1117.0|99352.0|22538.0|1053.0|479.0|941.0|255.0|670.0|13408.0|161.0|601.0|1166.0|819.0|9493.0|13373.0|1205.0|535.0|3020.0|414.0|17716.0|3660.0|148.0|3432.0|307553.0|410.0|739.0|252.0|3424.0|1042.0|694.0|313.0|258.0|619.0|965.0|5574.0|662.0|438.0|195.0|634.0|596.0|773.0|807.0|922.0|
|Ordu-52|1551.0|268.0|834.0|797.0|411.0|3144.0|68362.0|13831.0|210.0|1032.0|3361.0|5070.0|640.0|395.0|412.0|1275.0|313.0|432.0|1812.0|555.0|19538.0|3668.0|558.0|1418.0|2226.0|1054.0|2885.0|3577.0|554.0|823.0|1814.0|3491.0|1113.0|7159.0|782.0|644.0|1027.0|405.0|985.0|519889.0|27312.0|515.0|1217.0|203.0|501.0|1270.0|1869.0|152.0|774.0|3262.0|377.0|49708.0|3116.0|1057.0|487.0|5235.0|603.0|2007.0|8130.0|333.0|981.0|392.0|685831.0|255.0|3880.0|12307.0|53393.0|796.0|343.0|1818.0|880.0|1551.0|27557.0|6409.0|4558.0|296.0|723.0|1001.0|3059.0|631.0|4181.0|
|Osmaniye-80|80340.0|837.0|868.0|537.0|1300.0|398.0|21282.0|18324.0|155.0|269.0|2166.0|1923.0|229.0|665.0|255.0|566.0|510.0|622.0|560.0|632.0|4641.0|1234.0|315.0|394.0|1445.0|1878.0|508.0|713.0|1062.0|551.0|790.0|2133.0|13450.0|352.0|294.0|685.0|18960.0|331.0|1198.0|35366.0|8968.0|11646.0|331.0|847.0|372.0|566.0|4484.0|1116.0|589.0|645.0|505.0|4749.0|4848.0|614.0|1527.0|1543.0|1276.0|19379.0|4118.0|313.0|1221.0|2085.0|419.0|403530.0|314.0|1595.0|1025.0|2977.0|770.0|225.0|1164.0|1044.0|2630.0|642.0|629.0|438.0|349.0|981.0|593.0|571.0|511.0|
|Rize-53|597.0|116.0|399.0|202.0|163.0|351.0|38623.0|7027.0|177.0|2657.0|2355.0|3331.0|243.0|80.0|199.0|440.0|100.0|72.0|758.0|176.0|15551.0|1797.0|123.0|195.0|650.0|296.0|1511.0|1635.0|157.0|318.0|1898.0|1698.0|269.0|1147.0|349.0|104.0|459.0|154.0|330.0|307049.0|22030.0|126.0|459.0|58.0|248.0|379.0|492.0|21.0|200.0|988.0|116.0|22655.0|962.0|348.0|143.0|1853.0|132.0|1595.0|4018.0|51.0|169.0|94.0|1590.0|51.0|286507.0|6279.0|13396.0|202.0|79.0|367.0|151.0|255.0|5023.0|346.0|7060.0|26.0|173.0|306.0|6053.0|105.0|2749.0|
|Sakarya-54|615.0|69.0|512.0|219.0|173.0|256.0|12733.0|6275.0|67.0|223.0|1500.0|3178.0|376.0|193.0|87.0|3673.0|122.0|126.0|2480.0|199.0|11978.0|1700.0|206.0|226.0|765.0|445.0|7998.0|1092.0|177.0|160.0|532.0|3636.0|486.0|554.0|173.0|161.0|483.0|111.0|359.0|131242.0|8508.0|178.0|570.0|85.0|166.0|358.0|593.0|49.0|174.0|1157.0|138.0|72593.0|1547.0|774.0|160.0|1082.0|221.0|932.0|3779.0|103.0|161.0|94.0|496.0|186.0|565.0|722485.0|1259.0|399.0|105.0|185.0|318.0|206.0|4820.0|224.0|1255.0|97.0|174.0|345.0|2971.0|203.0|2241.0|
|Samsun-55|1839.0|439.0|1223.0|1050.0|731.0|20207.0|89713.0|16487.0|384.0|960.0|5769.0|6773.0|933.0|484.0|589.0|1760.0|408.0|556.0|1880.0|618.0|94540.0|3999.0|1178.0|4876.0|2391.0|1648.0|3207.0|2948.0|734.0|1187.0|1929.0|10987.0|1501.0|4046.0|1309.0|809.0|1637.0|519.0|1198.0|415372.0|31315.0|673.0|1643.0|300.0|715.0|6192.0|2607.0|173.0|1544.0|3413.0|479.0|47824.0|4301.0|1562.0|712.0|3114.0|839.0|2639.0|8398.0|471.0|660.0|676.0|14598.0|337.0|2285.0|8530.0|1077994.0|1140.0|478.0|9070.0|1325.0|1894.0|54032.0|5423.0|6131.0|442.0|693.0|1332.0|5628.0|1153.0|2931.0|
|Şanlıurfa-63|113596.0|6754.0|1873.0|1294.0|1344.0|871.0|36091.0|51653.0|485.0|599.0|8654.0|5297.0|528.0|1498.0|591.0|1073.0|1043.0|1035.0|1300.0|1378.0|22021.0|2582.0|696.0|1563.0|2920.0|27932.0|1131.0|1752.0|2325.0|1250.0|1599.0|5288.0|292848.0|871.0|722.0|1213.0|20017.0|855.0|1372.0|164375.0|53970.0|3435.0|606.0|1637.0|984.0|729.0|3297.0|2890.0|777.0|1524.0|1651.0|14165.0|8277.0|1150.0|4363.0|7262.0|10063.0|80698.0|9281.0|756.0|1294.0|1713.0|683.0|23796.0|684.0|2933.0|1825.0|2091810.0|1279.0|364.0|2132.0|1681.0|6786.0|1107.0|1078.0|746.0|1313.0|1780.0|4739.0|1493.0|957.0|
|Siirt-56|45522.0|326.0|349.0|541.0|181.0|238.0|13991.0|9835.0|114.0|156.0|12169.0|2013.0|162.0|36057.0|94.0|630.0|210.0|5741.0|557.0|220.0|17306.0|948.0|106.0|200.0|2826.0|6301.0|443.0|781.0|490.0|298.0|406.0|1241.0|19389.0|199.0|117.0|647.0|2254.0|241.0|427.0|263512.0|11901.0|445.0|180.0|208.0|243.0|220.0|647.0|180.0|178.0|903.0|169.0|7790.0|3653.0|442.0|619.0|10144.0|1978.0|46149.0|3786.0|592.0|241.0|1235.0|228.0|958.0|184.0|1616.0|496.0|1035.0|285853.0|142.0|8012.0|258.0|7713.0|286.0|266.0|195.0|231.0|7639.0|4521.0|355.0|315.0|
|Sinop-57|542.0|154.0|424.0|173.0|187.0|610.0|25056.0|4460.0|46.0|132.0|1113.0|3196.0|461.0|98.0|114.0|1885.0|63.0|87.0|748.0|353.0|7516.0|1624.0|340.0|808.0|1144.0|385.0|1311.0|1175.0|157.0|223.0|306.0|1534.0|379.0|522.0|138.0|170.0|494.0|79.0|504.0|366728.0|8980.0|159.0|1443.0|145.0|102.0|4478.0|479.0|48.0|273.0|1560.0|102.0|26834.0|1338.0|406.0|174.0|2026.0|180.0|785.0|2845.0|64.0|161.0|112.0|786.0|75.0|261.0|4139.0|8701.0|267.0|127.0|187027.0|255.0|322.0|29717.0|678.0|820.0|77.0|140.0|319.0|1174.0|228.0|2849.0|
|Şırnak-73|21463.0|261.0|243.0|447.0|195.0|117.0|5840.0|12505.0|152.0|160.0|1966.0|481.0|90.0|6190.0|93.0|187.0|204.0|757.0|167.0|198.0|3677.0|318.0|103.0|78.0|2907.0|3987.0|202.0|330.0|331.0|269.0|416.0|1022.0|12033.0|90.0|101.0|2684.0|1592.0|308.0|290.0|44635.0|6881.0|332.0|112.0|203.0|328.0|123.0|1353.0|128.0|60.0|223.0|136.0|3003.0|1644.0|167.0|311.0|3449.0|32044.0|34547.0|2597.0|283.0|205.0|264.0|63.0|308.0|102.0|387.0|298.0|1143.0|7355.0|65.0|501035.0|211.0|1007.0|134.0|122.0|309.0|146.0|16232.0|509.0|110.0|161.0|
|Sivas-58|12213.0|556.0|1377.0|820.0|1049.0|2297.0|163021.0|40280.0|186.0|371.0|9983.0|14083.0|720.0|633.0|327.0|1169.0|429.0|558.0|2097.0|791.0|27735.0|5390.0|696.0|1198.0|3383.0|1550.0|2779.0|2436.0|1290.0|2793.0|1744.0|5186.0|3194.0|1486.0|614.0|644.0|3157.0|347.0|1296.0|759363.0|82455.0|1842.0|1855.0|483.0|601.0|975.0|95555.0|244.0|1770.0|2645.0|948.0|42837.0|6144.0|1541.0|5601.0|5807.0|890.0|14755.0|12413.0|500.0|2397.0|1225.0|2562.0|1054.0|643.0|8659.0|5896.0|1411.0|527.0|720.0|1124.0|555920.0|16254.0|11825.0|1411.0|500.0|812.0|1077.0|5979.0|3048.0|2229.0|
|Tekirdağ-59|525.0|36.0|182.0|88.0|67.0|123.0|4976.0|3078.0|15.0|40.0|1110.0|2804.0|95.0|52.0|29.0|177.0|24.0|33.0|210.0|99.0|7273.0|3663.0|71.0|75.0|398.0|195.0|334.0|9035.0|81.0|48.0|147.0|1554.0|284.0|166.0|30.0|59.0|197.0|54.0|201.0|109392.0|8165.0|91.0|116.0|62.0|68.0|116.0|272.0|12.0|70.0|14246.0|24.0|4653.0|501.0|188.0|78.0|653.0|81.0|446.0|2084.0|44.0|82.0|83.0|224.0|47.0|65.0|1353.0|453.0|133.0|43.0|132.0|101.0|93.0|384593.0|134.0|177.0|34.0|100.0|159.0|781.0|47.0|281.0|
|Tokat-60|1868.0|336.0|1107.0|634.0|524.0|7943.0|77770.0|17967.0|192.0|325.0|4540.0|6494.0|540.0|444.0|288.0|1003.0|300.0|341.0|1342.0|520.0|25231.0|2865.0|630.0|2988.0|1863.0|1369.0|1667.0|3355.0|642.0|1195.0|1343.0|3931.0|1290.0|1087.0|440.0|602.0|1372.0|393.0|994.0|475471.0|45619.0|664.0|672.0|288.0|467.0|1263.0|5598.0|199.0|1464.0|2733.0|607.0|44808.0|3657.0|1038.0|729.0|3232.0|621.0|2921.0|7433.0|339.0|651.0|341.0|3196.0|326.0|649.0|6804.0|14644.0|1078.0|406.0|1114.0|990.0|7111.0|36869.0|525606.0|1449.0|419.0|570.0|1045.0|2900.0|2301.0|1171.0|
|Trabzon-61|1621.0|202.0|896.0|835.0|597.0|1781.0|58728.0|12982.0|297.0|2364.0|4371.0|9560.0|1364.0|262.0|2122.0|1555.0|246.0|410.0|2100.0|436.0|53245.0|3398.0|402.0|1107.0|1662.0|933.0|7588.0|2140.0|414.0|1490.0|4443.0|5202.0|1062.0|7744.0|4715.0|359.0|2052.0|340.0|770.0|413924.0|23744.0|556.0|2819.0|199.0|680.0|1105.0|1378.0|116.0|1147.0|3001.0|419.0|68926.0|2979.0|1220.0|478.0|3948.0|392.0|3488.0|6960.0|249.0|375.0|361.0|5471.0|292.0|9722.0|34262.0|42974.0|756.0|232.0|1539.0|716.0|762.0|12747.0|1314.0|701583.0|243.0|642.0|1031.0|7994.0|459.0|23305.0|
|Tunceli-62|4404.0|87.0|116.0|49.0|75.0|102.0|10860.0|5224.0|28.0|55.0|2752.0|1983.0|81.0|94.0|17.0|306.0|274.0|87.0|138.0|95.0|7991.0|716.0|41.0|80.0|699.0|998.0|138.0|348.0|21490.0|3753.0|202.0|890.0|382.0|68.0|59.0|65.0|937.0|36.0|309.0|81997.0|23894.0|151.0|68.0|47.0|64.0|82.0|540.0|31.0|79.0|368.0|108.0|5963.0|499.0|113.0|949.0|1580.0|142.0|5775.0|2105.0|107.0|68.0|89.0|91.0|111.0|45.0|358.0|271.0|183.0|49.0|63.0|108.0|244.0|2726.0|147.0|90.0|60550.0|139.0|235.0|633.0|37.0|330.0|
|Uşak-64|555.0|64.0|2922.0|154.0|131.0|84.0|7726.0|7327.0|47.0|36.0|3660.0|2181.0|85.0|124.0|22.0|321.0|48.0|129.0|214.0|594.0|3059.0|745.0|79.0|115.0|11786.0|329.0|233.0|381.0|115.0|79.0|197.0|1940.0|356.0|82.0|52.0|146.0|319.0|72.0|919.0|21476.0|39390.0|162.0|84.0|76.0|102.0|149.0|429.0|49.0|142.0|266.0|68.0|3646.0|1451.0|2492.0|114.0|13101.0|193.0|468.0|3167.0|94.0|143.0|110.0|111.0|74.0|83.0|914.0|317.0|277.0|124.0|72.0|230.0|144.0|895.0|120.0|180.0|75.0|277408.0|301.0|263.0|105.0|235.0|
|Van-65|23588.0|610.0|1147.0|4226.0|442.0|627.0|34556.0|40928.0|418.0|838.0|12130.0|8061.0|430.0|1197.0|331.0|5240.0|622.0|3708.0|1437.0|1067.0|38738.0|7668.0|367.0|357.0|7342.0|2949.0|1564.0|2750.0|969.0|1141.0|1945.0|5780.0|15271.0|686.0|445.0|3840.0|2353.0|1885.0|1214.0|274682.0|37864.0|594.0|693.0|319.0|1126.0|838.0|1678.0|305.0|1081.0|3056.0|517.0|40058.0|17466.0|2145.0|1627.0|6521.0|1274.0|27236.0|21266.0|1584.0|623.0|552.0|855.0|518.0|1562.0|9532.0|1345.0|1284.0|1117.0|261.0|1910.0|636.0|42589.0|797.0|1743.0|430.0|929.0|932918.0|3005.0|584.0|1156.0|
|Yalova-77|55.0|22.0|62.0|14.0|14.0|41.0|1521.0|1666.0|11.0|68.0|272.0|597.0|38.0|3.0|15.0|157.0|8.0|18.0|96.0|38.0|7058.0|317.0|13.0|28.0|99.0|57.0|147.0|228.0|33.0|63.0|67.0|462.0|58.0|80.0|13.0|16.0|52.0|8.0|50.0|20664.0|1531.0|14.0|41.0|14.0|17.0|40.0|88.0|8.0|13.0|179.0|18.0|6186.0|156.0|97.0|21.0|199.0|21.0|101.0|841.0|8.0|31.0|5.0|54.0|18.0|87.0|711.0|153.0|34.0|12.0|18.0|13.0|34.0|690.0|48.0|144.0|27.0|26.0|57.0|85167.0|37.0|79.0|
|Yozgat-66|3211.0|390.0|1435.0|708.0|1586.0|1422.0|396978.0|26575.0|141.0|235.0|5840.0|6675.0|644.0|497.0|218.0|875.0|364.0|499.0|1748.0|717.0|34250.0|2557.0|1206.0|5565.0|2139.0|1612.0|1383.0|1370.0|773.0|685.0|1149.0|3996.0|1775.0|583.0|341.0|824.0|1664.0|382.0|1354.0|151379.0|36895.0|856.0|817.0|346.0|490.0|1147.0|71916.0|184.0|11569.0|1318.0|8014.0|15409.0|7731.0|1112.0|806.0|4182.0|743.0|6688.0|8186.0|419.0|3008.0|1198.0|961.0|475.0|439.0|5191.0|3889.0|1372.0|600.0|485.0|1219.0|3691.0|9177.0|5778.0|984.0|448.0|639.0|1347.0|2902.0|350963.0|1417.0|
|Zonguldak-67|629.0|138.0|433.0|235.0|193.0|303.0|21112.0|10257.0|71.0|123.0|2498.0|2887.0|7085.0|135.0|82.0|998.0|122.0|135.0|7817.0|231.0|25102.0|1416.0|339.0|298.0|1066.0|462.0|5826.0|1512.0|194.0|194.0|351.0|2490.0|438.0|395.0|135.0|209.0|728.0|156.0|422.0|122155.0|9365.0|250.0|4928.0|100.0|153.0|1291.0|699.0|66.0|268.0|1260.0|139.0|23352.0|1400.0|574.0|143.0|4191.0|253.0|781.0|3760.0|115.0|187.0|125.0|458.0|190.0|232.0|6364.0|1583.0|322.0|152.0|269.0|344.0|269.0|14448.0|206.0|934.0|126.0|161.0|405.0|2178.0|251.0|433428.0|
|||||||||||||||||||||||||||||||||||||||||||||||||||||||||||||||||||||||||||||||||||
